{"cameraMode":{"drawMode":0,"name":"Shaded","section":"Shading Mode"},"sceneLighting":true,"audioPlay":false,"sceneViewState":{"showFog":false,"showMaterialUpdate":false,"showSkybox":false,"showFlares":false,"showImageEffects":false,"showParticleSystems":false},"in2DMode":false,"pivot":{"x":-4.695734024047852,"y":1.1952037811279297,"z":-0.11940574645996094},"rotation":{"x":0.6924920082092285,"y":0.008653834462165833,"z":-0.008312985301017762,"w":0.721336305141449},"size":6.583337306976318,"orthographic":true}